MRP,processor,RAM,os,RAM TYPE,Brand,ROM_SIZE,ROM_TYPE
36990,Intel Core i3 Processor,8 GB,Windows 11 Operating System,DDR4 RAM,Lenovo,256 GB,SSD
39990,Intel Core i3 Processor,8 GB,Windows 11 Operating System,DDR4 RAM,Lenovo,512 GB,SSD
32990,Intel Core i3 Processor,8 GB,Windows 11 Operating System,DDR4 RAM,ASUS,512 GB,SSD
49990,AMD Ryzen 5 Hexa Core Processor,8 GB,Windows 10 Operating System,DDR4 RAM,HP,512 GB,SSD
49990,Intel Core i5 Processor,8 GB,Windows 11 Operating System,DDR4 RAM,ASUS,512 GB,SSD
36990,Intel Core i3 Processor,8 GB,Windows 11 Operating System,DDR4 RAM,HP,256 GB,SSD
38990,Intel OptaneIntel Core i3 Processor,8 GB,Windows 11 Operating System,DDR4 RAM,DELL,"1 TB,256 GB","HDD,SSD"
39990,Intel Core i5 Processor,8 GB,Windows 11 Operating System,DDR4 RAM,RedmiBook,512 GB,SSD
46990,,8 GB,Windows 10 Operating System,DDR4 RAM,realme,256 GB,SSD
44990,AMD Ryzen 7 Quad Core Processor,16 GB,Windows 11 Operating System,DDR4 RAM,ASUS,512 GB,SSD
59990,AMD Ryzen 5 Hexa Core Processor,8 GB,Windows 11 Operating System,DDR4 RAM,HP,512 GB,SSD
38705,AMD Ryzen 5 Quad Core Processor,8 GB,Windows 11 Operating System,DDR4 RAM,Lenovo,512 GB,SSD
32990,Intel Core i3 Processor,8 GB,Windows 11 Operating System,DDR4 RAM,ASUS,256 GB,SSD
52990,AMD Ryzen 5 Hexa Core Processor,8 GB,Windows 11 Operating System,DDR4 RAM,ASUS,512 GB,SSD
29990,Intel Core i3 Processor,8 GB,Windows 11 Operating System,DDR4 RAM,acer,256 GB,SSD
196990,AMD Ryzen 9 Octa Core Processor,16 GB,Windows 11 Operating System,DDR5 RAM,ASUS,1 TB,SSD
47990,Intel Core i5 Processor,8 GB,Windows 11 Operating System,DDR4 RAM,ASUS,"1 TB,256 GB","HDD,SSD"
45990,Intel Core i5 Processor,8 GB,Windows 11 Operating System,DDR4 RAM,ASUS,512 GB,SSD
47990,AMD Ryzen 5 Hexa Core Processor,8 GB,Windows 11 Operating System,DDR4 RAM,MSI,512 GB,SSD
85990,AMD Ryzen 7 Octa Core Processor,16 GB,Windows 11 Operating System,DDR4 RAM,ASUS,1 TB,SSD
88990,M1 Processor,8 GB,Mac OS Operating System,DDR4 RAM,APPLE,256 GB,SSD
40990,Intel Core i3 Processor,8 GB,Windows 11 Operating System,DDR4 RAM,HP,512 GB,SSD
35590,AMD Ryzen 3 Dual Core Processor,8 GB,Windows 11 Operating System,DDR4 RAM,Lenovo,512 GB,SSD
65990,Intel Core i5 Processor,8 GB,Windows 11 Operating System,DDR4 RAM,HP,512 GB,SSD
39990,Intel Core i5 Processor,8 GB,Windows 11 Operating System,DDR4 RAM,RedmiBook,512 GB,SSD
39990,Intel Core i3 Processor,8 GB,Windows 11 Operating System,DDR4 RAM,Lenovo,512 GB,SSD
196990,AMD Ryzen 9 Octa Core Processor,16 GB,Windows 11 Operating System,DDR5 RAM,ASUS,1 TB,SSD
58990,Intel Core i5 Processor,16 GB,Windows 11 Operating System,DDR4 RAM,acer,512 GB,SSD
46990,,8 GB,Windows 10 Operating System,DDR4 RAM,realme,256 GB,SSD
38705,AMD Ryzen 5 Quad Core Processor,8 GB,Windows 11 Operating System,DDR4 RAM,Lenovo,512 GB,SSD
85990,AMD Ryzen 7 Octa Core Processor,16 GB,Windows 11 Operating System,DDR4 RAM,ASUS,1 TB,SSD
24990,AMD Ryzen 3 Dual Core Processor,8 GB,Windows 11 Operating System,DDR4 RAM,acer,256 GB,SSD
47990,,8 GB,Windows 11 Operating System,DDR4 RAM,acer,512 GB,SSD
73990,AMD Ryzen 7 Octa Core Processor,8 GB,Windows 11 Operating System,DDR4 RAM,ASUS,512 GB,SSD
53490,Intel Core i5 Processor,8 GB,Windows 11 Operating System,DDR4 RAM,Lenovo,512 GB,SSD
35590,AMD Ryzen 3 Dual Core Processor,8 GB,Windows 11 Operating System,DDR4 RAM,Lenovo,512 GB,SSD
150990,AMD Ryzen 9 Octa Core Processor,16 GB,Windows 11 Operating System,DDR4 RAM,ASUS,1 TB,SSD
51990,Intel Core i5 Processor,8 GB,Windows 11 Operating System,DDR4 RAM,Lenovo,512 GB,SSD
66990,Intel Core i5 Processor,16 GB,Windows 11 Operating System,DDR4 RAM,ASUS,512 GB,SSD
36990,Intel Core i3 Processor,8 GB,Windows 11 Operating System,DDR4 RAM,Lenovo,256 GB,SSD
194990,AMD Ryzen 9 Octa Core Processor,16 GB,Windows 11 Operating System,DDR5 RAM,ASUS,1 TB,SSD
51990,AMD Ryzen 5 Hexa Core Processor,16 GB,Windows 11 Operating System,DDR4 RAM,acer,512 GB,SSD
25990,AMD Athlon Dual Core Processor,8 GB,Windows 11 Operating System,DDR4 RAM,HP,256 GB,SSD
35990,AMD Ryzen 5 Quad Core Processor,8 GB,Windows 11 Operating System,DDR4 RAM,acer,512 GB,SSD
43990,Intel Core i5 Processor,8 GB,Windows 11 Operating System,DDR4 RAM,ASUS,512 GB,SSD
44990,AMD Ryzen 5 Hexa Core Processor,8 GB,Windows 11 Operating System,DDR4 RAM,Lenovo,512 GB,SSD
64490,AMD Ryzen 5 Hexa Core Processor,8 GB,Windows 11 Operating System,DDR4 RAM,Lenovo,512 GB,SSD
40990,Intel Core i3 Processor,8 GB,Windows 11 Operating System,DDR4 RAM,ASUS,256 GB,SSD
38990,Intel Core i3 Processor,8 GB,Windows 11 Operating System,DDR4 RAM,ASUS,512 GB,SSD
36990,Intel Core i3 Processor,8 GB,Windows 11 Operating System,DDR4 RAM,Lenovo,256 GB,SSD
39990,Intel Core i5 Processor,8 GB,Windows 11 Operating System,DDR4 RAM,RedmiBook,512 GB,SSD
58990,Intel Core i5 Processor,8 GB,Windows 11 Operating System,DDR4 RAM,HP,512 GB,SSD
59990,Intel Evo Core i5 Processor,8 GB,Windows 10 Operating System,DDR4 RAM,realme,512 GB,SSD
47990,,8 GB,Windows 10 Operating System,DDR4 RAM,acer,512 GB,SSD
37499,AMD Ryzen 3 Quad Core Processor,8 GB,Windows 11 Operating System,DDR4 RAM,HP,512 GB,SSD
196990,AMD Ryzen 9 Octa Core Processor,16 GB,Windows 11 Operating System,DDR5 RAM,ASUS,1 TB,SSD
38705,AMD Ryzen 5 Quad Core Processor,8 GB,Windows 11 Operating System,DDR4 RAM,Lenovo,512 GB,SSD
94990,AMD Ryzen 9 Octa Core Processor,8 GB,Windows 10 Operating System,DDR4 RAM,ASUS,1 TB,SSD
32990,Intel Core i3 Processor,8 GB,Windows 11 Operating System,DDR4 RAM,ASUS,512 GB,SSD
85990,AMD Ryzen 7 Octa Core Processor,16 GB,Windows 11 Operating System,DDR4 RAM,ASUS,1 TB,SSD
35590,AMD Ryzen 3 Dual Core Processor,8 GB,Windows 11 Operating System,DDR4 RAM,Lenovo,512 GB,SSD
23990,Intel Celeron Dual Core Processor,4 GB,Windows 11 Operating System,DDR4 RAM,ASUS,256 GB,SSD
48990,AMD Ryzen 5 Hexa Core Processor,16 GB,Windows 11 Operating System,DDR4 RAM,HP,512 GB,SSD
139990,M2 Processor,8 GB,Mac OS Operating System,Unified Memory RAM,APPLE,512 GB,SSD
89990,AMD Ryzen 7 Octa Core Processor,16 GB,Windows 11 Operating System,DDR4 RAM,ASUS,512 GB,SSD
150990,AMD Ryzen 9 Octa Core Processor,16 GB,Windows 11 Operating System,DDR4 RAM,ASUS,1 TB,SSD
39990,Intel Core i3 Processor,8 GB,Windows 11 Operating System,DDR4 RAM,Lenovo,512 GB,SSD
59990,AMD Ryzen 5 Hexa Core Processor,8 GB,Windows 11 Operating System,DDR4 RAM,ASUS,1 TB,SSD
70990,,16 GB,Windows 11 Operating System,DDR4 RAM,DELL,512 GB,SSD
194990,AMD Ryzen 9 Octa Core Processor,16 GB,Windows 11 Operating System,DDR5 RAM,ASUS,1 TB,SSD
44990,AMD Ryzen 5 Hexa Core Processor,8 GB,Windows 11 Operating System,DDR4 RAM,Lenovo,512 GB,SSD
22990,Intel Celeron Quad Core Processor,8 GB,Windows 11 Operating System,LPDDR4X RAM,Infinix,256 GB,SSD
46990,AMD Ryzen 5 Hexa Core Processor,8 GB,Windows 11 Operating System,DDR4 RAM,HP,512 GB,SSD
50990,Intel Core i5 Processor,8 GB,Windows 10 Operating System,DDR4 RAM,ASUS,"1 TB,256 GB","HDD,SSD"
28990,Intel Core i3 Processor,8 GB,Windows 11 Operating System,LPDDR4X RAM,Infinix,256 GB,SSD
39990,Intel Core i5 Processor,8 GB,Windows 11 Operating System,DDR4 RAM,RedmiBook,512 GB,SSD
38705,AMD Ryzen 5 Quad Core Processor,8 GB,Windows 11 Operating System,DDR4 RAM,Lenovo,512 GB,SSD
84990,Intel Core i7 Processor,16 GB,Windows 10 Operating System,DDR4 RAM,MSI,512 GB,SSD
181990,M1 Pro Processor,16 GB,Mac OS Operating System,Unified Memory RAM,APPLE,512 GB,SSD
196990,AMD Ryzen 9 Octa Core Processor,16 GB,Windows 11 Operating System,DDR5 RAM,ASUS,1 TB,SSD
85990,AMD Ryzen 7 Octa Core Processor,16 GB,Windows 11 Operating System,DDR4 RAM,ASUS,1 TB,SSD
109990,AMD Ryzen 9 Octa Core Processor,16 GB,Windows 11 Operating System,DDR4 RAM,MSI,1 TB,SSD
37990,Intel Core i5 Processor,16 GB,Windows 11 Operating System,LPDDR4X RAM,Infinix,512 GB,SSD
139990,M2 Processor,8 GB,Mac OS Operating System,Unified Memory RAM,APPLE,512 GB,SSD
35590,AMD Ryzen 3 Dual Core Processor,8 GB,Windows 11 Operating System,DDR4 RAM,Lenovo,512 GB,SSD
150990,AMD Ryzen 9 Octa Core Processor,16 GB,Windows 11 Operating System,DDR4 RAM,ASUS,1 TB,SSD
29990,Intel Core i3 Processor,4 GB,Windows 11 Operating System,DDR4 RAM,Lenovo,256 GB,SSD
36990,Intel Core i3 Processor,8 GB,Windows 11 Operating System,DDR4 RAM,Lenovo,256 GB,SSD
73490,AMD Ryzen 7 Octa Core Processor,8 GB,Windows 11 Operating System,DDR4 RAM,Lenovo,512 GB,SSD
52990,AMD Ryzen 5 Hexa Core Processor,8 GB,Windows 11 Operating System,DDR4 RAM,ASUS,"1 TB,256 GB","HDD,SSD"
41890,Intel Core i3 Processor,8 GB,Windows 11 Operating System,DDR4 RAM,HP,512 GB,SSD
30428,,8 GB,Windows 11 Operating System,DDR4 RAM,DELL,256 GB,SSD
34990,Intel Core i3 Processor,8 GB,Windows 11 Operating System,DDR4 RAM,acer,512 GB,SSD
29990,Intel Core i3 Processor,4 GB,Windows 11 Operating System,DDR4 RAM,Lenovo,256 GB,SSD
88990,M1 Processor,8 GB,Mac OS Operating System,DDR4 RAM,APPLE,256 GB,SSD
36990,Intel Core i3 Processor,8 GB,Windows 11 Operating System,DDR4 RAM,Lenovo,256 GB,SSD
65990,Intel Core i7 Processor,8 GB,Windows 10 Operating System,DDR4 RAM,MSI,512 GB,SSD
33490,Intel Core i3 Processor,8 GB,Windows 11 Operating System,DDR4 RAM,ASUS,512 GB,SSD
60990,Intel Core i5 Processor,16 GB,Windows 11 Operating System,DDR4 RAM,HP,512 GB,SSD
39990,Intel Core i3 Processor,8 GB,Windows 11 Operating System,DDR4 RAM,Lenovo,512 GB,SSD
46990,AMD Ryzen 5 Hexa Core Processor,8 GB,Windows 11 Operating System,DDR4 RAM,HP,512 GB,SSD
59990,AMD Ryzen 7 Octa Core Processor,16 GB,Windows 11 Operating System,DDR4 RAM,ASUS,512 GB,SSD
114990,Intel Core i7 Processor,16 GB,Windows 10 Operating System,DDR4 RAM,MSI,1 TB,SSD
39990,Intel Core i5 Processor,8 GB,Windows 11 Operating System,DDR4 RAM,RedmiBook,512 GB,SSD
119990,Intel Core i7 Processor,16 GB,Windows 10 Operating System,DDR4 RAM,ASUS,1 TB,SSD
42990,Intel Core i5 Processor,8 GB,Windows 11 Operating System,LPDDR4X RAM,Infinix,512 GB,SSD
89990,Intel Core i5 Processor,16 GB,Windows 11 Operating System,LPDDR5 RAM,ASUS,512 GB,SSD
38705,AMD Ryzen 5 Quad Core Processor,8 GB,Windows 11 Operating System,DDR4 RAM,Lenovo,512 GB,SSD
79990,AMD Ryzen 7 Octa Core Processor,8 GB,Windows 11 Operating System,DDR4 RAM,MSI,512 GB,SSD
70990,Intel Core i5 Processor,8 GB,Windows 11 Operating System,DDR4 RAM,ASUS,1 TB,SSD
33900,Intel Core i3 Processor,8 GB,Windows 11 Operating System,DDR4 RAM,Lenovo,256 GB,SSD
196990,AMD Ryzen 9 Octa Core Processor,16 GB,Windows 11 Operating System,DDR5 RAM,ASUS,1 TB,SSD
59990,Intel Evo Core i5 Processor,8 GB,Windows 10 Operating System,DDR4 RAM,realme,512 GB,SSD
52990,Intel Core i7 Processor,16 GB,Windows 11 Operating System,LPDDR4X RAM,Infinix,512 GB,SSD
124990,M1 Processor,16 GB,Mac OS Operating System,DDR4 RAM,APPLE,512 GB,SSD
85990,AMD Ryzen 7 Octa Core Processor,16 GB,Windows 11 Operating System,DDR4 RAM,ASUS,1 TB,SSD
31990,Intel Core i3 Processor,8 GB,Windows 11 Operating System,DDR4 RAM,RedmiBook,256 GB,SSD
66990,AMD Ryzen 5 Hexa Core Processor,16 GB,Windows 11 Operating System,DDR4 RAM,acer,512 GB,SSD
89081,,16 GB,Windows 11 Operating System,DDR4 RAM,DELL,512 GB,SSD
36990,Intel Core i3 Processor,8 GB,Windows 11 Operating System,DDR4 RAM,Lenovo,256 GB,SSD
104990,M1 Processor,8 GB,Mac OS Operating System,DDR4 RAM,APPLE,512 GB,SSD
53490,Intel Core i5 Processor,8 GB,Windows 11 Operating System,DDR4 RAM,Lenovo,512 GB,SSD
45990,Intel Core i3 Processor,8 GB,Windows 11 Operating System,LPDDR4X RAM,ASUS,256 GB,SSD
39990,Intel Core i3 Processor,8 GB,Windows 11 Operating System,DDR4 RAM,Lenovo,512 GB,SSD
45990,Intel Core i3 Processor,8 GB,Windows 11 Operating System,DDR4 RAM,ASUS,512 GB,SSD
51990,Intel Core i5 Processor,8 GB,Windows 11 Operating System,DDR4 RAM,MSI,512 GB,SSD
75990,AMD Ryzen 7 Octa Core Processor,16 GB,Windows 11 Operating System,DDR4 RAM,HP,512 GB,SSD
39990,Intel Core i5 Processor,8 GB,Windows 11 Operating System,DDR4 RAM,RedmiBook,512 GB,SSD
36990,Intel Core i3 Processor,8 GB,Windows 11 Operating System,DDR4 RAM,Lenovo,256 GB,SSD
78800,Intel Core i5 Processor,16 GB,Windows 11 Operating System,DDR4 RAM,HP,512 GB,SSD
29390,AMD Athlon Dual Core Processor,8 GB,Windows 11 Operating System,DDR4 RAM,HP,512 GB,SSD
38705,AMD Ryzen 5 Quad Core Processor,8 GB,Windows 11 Operating System,DDR4 RAM,Lenovo,512 GB,SSD
30990,Intel Core i3 Processor,8 GB,Windows 11 Operating System,LPDDR4X RAM,Infinix,256 GB,SSD
62490,Intel Core i5 Processor,16 GB,Windows 11 Operating System,DDR4 RAM,Lenovo,512 GB,SSD
89990,Intel Core i7 Processor,16 GB,Windows 11 Operating System,DDR4 RAM,ASUS,512 GB,SSD
196990,AMD Ryzen 9 Octa Core Processor,16 GB,Windows 11 Operating System,DDR5 RAM,ASUS,1 TB,SSD
58899,Intel Core i5 Processor,8 GB,Windows 11 Operating System,DDR4 RAM,HP,512 GB,SSD
85990,Intel Core i5 Processor,16 GB,Windows 11 Operating System,DDR4 RAM,MSI,512 GB,SSD
33099,,8 GB,Windows 11 Operating System,DDR4 RAM,DELL,1 TB,HDD
85990,AMD Ryzen 7 Octa Core Processor,16 GB,Windows 11 Operating System,DDR4 RAM,ASUS,1 TB,SSD
73490,AMD Ryzen 7 Octa Core Processor,8 GB,Windows 11 Operating System,DDR4 RAM,Lenovo,512 GB,SSD
63490,Intel Core i5 Processor,8 GB,Windows 11 Operating System,DDR4 RAM,Lenovo,"1 TB,256 GB","HDD,SSD"
36990,Intel Core i3 Processor,8 GB,Windows 11 Operating System,DDR4 RAM,Lenovo,256 GB,SSD
39990,Intel Core i3 Processor,8 GB,Windows 11 Operating System,DDR4 RAM,Lenovo,512 GB,SSD
38990,AMD Ryzen 5 Quad Core Processor,8 GB,Windows 11 Operating System,DDR4 RAM,ASUS,512 GB,SSD
67990,Intel Core i5 Processor,8 GB,Windows 11 Operating System,DDR4 RAM,HP,512 GB,SSD
39990,Intel Core i5 Processor,8 GB,Windows 11 Operating System,DDR4 RAM,RedmiBook,512 GB,SSD
196990,AMD Ryzen 9 Octa Core Processor,16 GB,Windows 11 Operating System,DDR5 RAM,ASUS,1 TB,SSD
39790,Intel Core i3 Processor,8 GB,Windows 11 Operating System,DDR4 RAM,HP,512 GB,SSD
241990,M1 Pro Processor,16 GB,Mac OS Operating System,Unified Memory RAM,APPLE,1 TB,SSD
104990,M1 Processor,8 GB,Mac OS Operating System,DDR4 RAM,APPLE,512 GB,SSD
42190,AMD Ryzen 3 Dual Core Processor,8 GB,Windows 11 Operating System,DDR4 RAM,DELL,512 GB,SSD
38705,AMD Ryzen 5 Quad Core Processor,8 GB,Windows 11 Operating System,DDR4 RAM,Lenovo,512 GB,SSD
85990,AMD Ryzen 7 Octa Core Processor,16 GB,Windows 11 Operating System,DDR4 RAM,ASUS,1 TB,SSD
39990,Intel Core i3 Processor,8 GB,Windows 11 Operating System,DDR4 RAM,ASUS,512 GB,SSD
99990,Intel Core i7 Processor,16 GB,Windows 11 Operating System,DDR5 RAM,ASUS,1 TB,SSD
35590,AMD Ryzen 3 Dual Core Processor,8 GB,Windows 11 Operating System,DDR4 RAM,Lenovo,512 GB,SSD
150990,AMD Ryzen 9 Octa Core Processor,16 GB,Windows 11 Operating System,DDR4 RAM,ASUS,1 TB,SSD
309490,M1 Max Processor,32 GB,Mac OS Operating System,Unified Memory RAM,APPLE,1 TB,SSD
64990,Intel Core i5 Processor,16 GB,Windows 11 Operating System,DDR4 RAM,ASUS,"1 TB,256 GB","HDD,SSD"
89990,AMD Ryzen 7 Octa Core Processor,16 GB,Windows 11 Operating System,DDR4 RAM,ASUS,512 GB,SSD
85990,AMD Ryzen 7 Octa Core Processor,16 GB,Windows 10 Operating System,DDR4 RAM,ASUS,512 GB,SSD
194990,AMD Ryzen 9 Octa Core Processor,16 GB,Windows 11 Operating System,DDR5 RAM,ASUS,1 TB,SSD
44990,AMD Ryzen 5 Hexa Core Processor,8 GB,Windows 11 Operating System,DDR4 RAM,Lenovo,512 GB,SSD
222990,M1 Pro Processor,16 GB,Mac OS Operating System,Unified Memory RAM,APPLE,1 TB,SSD
15990,Intel Celeron Dual Core Processor,4 GB,DOS Operating System,LPDDR4 RAM,Ultimus,128 GB,SSD
36990,Intel Core i3 Processor,8 GB,Windows 11 Operating System,DDR4 RAM,Lenovo,256 GB,SSD
39990,Intel Core i3 Processor,8 GB,Windows 11 Operating System,DDR4 RAM,Lenovo,512 GB,SSD
45900,Intel OptaneIntel Core i3 Processor,8 GB,Windows 11 Operating System,DDR4 RAM,DELL,"1 TB,256 GB","HDD,SSD"
79990,Intel Core i7 Processor,16 GB,Windows 11 Operating System,LPDDR4X RAM,ASUS,512 GB,SSD
56990,Intel Core i5 Processor,8 GB,Windows 11 Operating System,DDR4 RAM,ASUS,512 GB,SSD
34990,AMD Ryzen 3 Dual Core Processor,8 GB,Windows 11 Operating System,DDR4 RAM,DELL,256 GB,SSD
39990,Intel Core i5 Processor,8 GB,Windows 11 Operating System,DDR4 RAM,RedmiBook,512 GB,SSD
196990,AMD Ryzen 9 Octa Core Processor,16 GB,Windows 11 Operating System,DDR5 RAM,ASUS,1 TB,SSD
43580,Intel Core i3 Processor,8 GB,Windows 11 Operating System,DDR4 RAM,DELL,512 GB,SSD
74990,AMD Ryzen 5 Hexa Core Processor,16 GB,Windows 10 Operating System,DDR4 RAM,Lenovo,512 GB,SSD
38705,AMD Ryzen 5 Quad Core Processor,8 GB,Windows 11 Operating System,DDR4 RAM,Lenovo,512 GB,SSD
85990,AMD Ryzen 7 Octa Core Processor,16 GB,Windows 11 Operating System,DDR4 RAM,ASUS,1 TB,SSD
37490,Intel Core i3 Processor,8 GB,Windows 10 Operating System,DDR4 RAM,Lenovo,512 GB,SSD
20990,Intel Celeron Quad Core Processor,4 GB,Windows 11 Operating System,LPDDR4X RAM,Infinix,128 GB,SSD
109990,Intel Core i7 Processor,16 GB,Windows 11 Operating System,DDR4 RAM,MSI,512 GB,SSD
71990,Intel Core i5 Processor,16 GB,Windows 11 Operating System,LPDDR4 RAM,ASUS,512 GB,SSD
35590,AMD Ryzen 3 Dual Core Processor,8 GB,Windows 11 Operating System,DDR4 RAM,Lenovo,512 GB,SSD
150990,AMD Ryzen 9 Octa Core Processor,16 GB,Windows 11 Operating System,DDR4 RAM,ASUS,1 TB,SSD
32990,Intel Core i3 Processor,8 GB,Windows 11 Operating System,LPDDR4X RAM,Infinix,512 GB,SSD
43990,AMD Ryzen 5 Hexa Core Processor,8 GB,Windows 10 Operating System,DDR4 RAM,MSI,512 GB,SSD
73490,AMD Ryzen 7 Octa Core Processor,8 GB,Windows 11 Operating System,DDR4 RAM,Lenovo,512 GB,SSD
194990,AMD Ryzen 9 Octa Core Processor,16 GB,Windows 11 Operating System,DDR5 RAM,ASUS,1 TB,SSD
25990,AMD Ryzen 3 Dual Core Processor,8 GB,Windows 11 Operating System,DDR4 RAM,acer,256 GB,SSD
122990,Intel Core i9 Processor,16 GB,Windows 10 Operating System,DDR4 RAM,ASUS,1 TB,SSD
68990,Intel Core i5 Processor,16 GB,Windows 11 Operating System,DDR4 RAM,acer,512 GB,SSD
59990,Intel Core i5 Processor,8 GB,Windows 11 Operating System,DDR4 RAM,acer,512 GB,SSD
36990,Intel Core i3 Processor,8 GB,Windows 11 Operating System,DDR4 RAM,Lenovo,256 GB,SSD
39990,Intel Core i3 Processor,8 GB,Windows 11 Operating System,DDR4 RAM,Lenovo,512 GB,SSD
39990,AMD Ryzen 5 Quad Core Processor,8 GB,Windows 10 Operating System,DDR4 RAM,acer,512 GB,SSD
37990,Intel Core i3 Processor,8 GB,Windows 10 Operating System,DDR4 RAM,ASUS,1 TB,HDD
39990,Intel Core i5 Processor,8 GB,Windows 11 Operating System,DDR4 RAM,RedmiBook,512 GB,SSD
196990,AMD Ryzen 9 Octa Core Processor,16 GB,Windows 11 Operating System,DDR5 RAM,ASUS,1 TB,SSD
25950,Intel Celeron Dual Core Processor,4 GB,Windows 10 Operating System,DDR4 RAM,Lenovo,256 GB,SSD
64999,Intel Core i5 Processor,16 GB,Windows 11 Operating System,LPDDR4X RAM,realme,512 GB,SSD
60990,AMD Ryzen 5 Hexa Core Processor,8 GB,Windows 11 Operating System,DDR4 RAM,HP,512 GB,SSD
36990,Intel Core i3 Processor,8 GB,Windows 11 Operating System,DDR4 RAM,ASUS,512 GB,SSD
38705,AMD Ryzen 5 Quad Core Processor,8 GB,Windows 11 Operating System,DDR4 RAM,Lenovo,512 GB,SSD
85990,AMD Ryzen 7 Octa Core Processor,16 GB,Windows 11 Operating System,DDR4 RAM,ASUS,1 TB,SSD
59990,Intel Core i5 Processor,8 GB,Windows 11 Operating System,LPDDR4X RAM,SAMSUNG,256 GB,SSD
222990,M1 Pro Processor,16 GB,Mac OS Operating System,Unified Memory RAM,APPLE,512 GB,SSD
35590,AMD Ryzen 3 Dual Core Processor,8 GB,Windows 11 Operating System,DDR4 RAM,Lenovo,512 GB,SSD
150990,AMD Ryzen 9 Octa Core Processor,16 GB,Windows 11 Operating System,DDR4 RAM,ASUS,1 TB,SSD
235283,Intel Core i9 Processor,16 GB,Windows 11 Operating System,DDR5 RAM,DELL,1 TB,SSD
38990,Intel Core i3 Processor,8 GB,Windows 11 Operating System,DDR4 RAM,DELL,512 GB,SSD
67990,AMD Ryzen 7 Octa Core Processor,16 GB,Windows 11 Operating System,DDR4 RAM,ASUS,512 GB,SSD
79990,Intel Core i5 Processor,16 GB,Windows 11 Operating System,DDR4 RAM,MSI,512 GB,SSD
36990,Intel Core i3 Processor,8 GB,Windows 11 Operating System,DDR4 RAM,Lenovo,256 GB,SSD
39990,Intel Core i5 Processor,8 GB,Windows 11 Operating System,DDR4 RAM,RedmiBook,512 GB,SSD
67990,AMD Ryzen 7 Octa Core Processor,16 GB,Windows 11 Operating System,DDR4 RAM,ASUS,512 GB,SSD
79990,Intel Core i5 Processor,16 GB,Windows 11 Operating System,DDR4 RAM,MSI,512 GB,SSD
196990,AMD Ryzen 9 Octa Core Processor,16 GB,Windows 11 Operating System,DDR5 RAM,ASUS,1 TB,SSD
38705,AMD Ryzen 5 Quad Core Processor,8 GB,Windows 11 Operating System,DDR4 RAM,Lenovo,512 GB,SSD
89990,Intel Core i5 Processor,16 GB,Windows 11 Operating System,LPDDR5 RAM,ASUS,512 GB,SSD
241990,Intel Core i9 Processor,32 GB,Windows 11 Operating System,DDR5 RAM,ASUS,1 TB,SSD
43490,Intel Core i5 Processor,8 GB,Windows 11 Operating System,DDR4 RAM,ASUS,512 GB,SSD
46990,Intel Core i3 Processor,8 GB,Windows 10 Operating System,DDR4 RAM,realme,256 GB,SSD
85990,AMD Ryzen 7 Octa Core Processor,16 GB,Windows 11 Operating System,DDR4 RAM,ASUS,1 TB,SSD
35590,AMD Ryzen 3 Dual Core Processor,8 GB,Windows 11 Operating System,DDR4 RAM,Lenovo,512 GB,SSD
40990,AMD Ryzen 5 Quad Core Processor,8 GB,Windows 10 Operating System,DDR4 RAM,Vaio,512 GB,SSD
94990,M1 Processor,8 GB,Mac OS Operating System,DDR4 RAM,APPLE,256 GB,SSD
150990,AMD Ryzen 9 Octa Core Processor,16 GB,Windows 11 Operating System,DDR4 RAM,ASUS,1 TB,SSD
39990,Intel Core i3 Processor,8 GB,Windows 11 Operating System,DDR4 RAM,Lenovo,512 GB,SSD
114990,,16 GB,Windows 10 Operating System,DDR4 RAM,MSI,1 TB,SSD
121990,M2 Processor,8 GB,Mac OS Operating System,Unified Memory RAM,APPLE,256 GB,SSD
37990,Intel Core i3 Processor,8 GB,Windows 10 Operating System,DDR4 RAM,ASUS,1 TB,HDD
27990,Intel Pentium Silver Processor,8 GB,Windows 11 Operating System,DDR4 RAM,ASUS,256 GB,SSD
194990,AMD Ryzen 9 Octa Core Processor,16 GB,Windows 11 Operating System,DDR5 RAM,ASUS,1 TB,SSD
44990,AMD Ryzen 5 Hexa Core Processor,8 GB,Windows 11 Operating System,DDR4 RAM,Lenovo,512 GB,SSD
40190,AMD Ryzen 3 Dual Core Processor,8 GB,Windows 11 Operating System,DDR4 RAM,DELL,512 GB,SSD
34990,AMD Ryzen 3 Dual Core Processor,8 GB,Windows 11 Operating System,DDR4 RAM,Lenovo,512 GB,SSD
39990,Intel Core i3 Processor,8 GB,Windows 11 Operating System,DDR4 RAM,Lenovo,512 GB,SSD
39990,Intel Core i5 Processor,8 GB,Windows 11 Operating System,DDR4 RAM,RedmiBook,512 GB,SSD
94990,Intel Core i7 Processor,16 GB,Windows 10 Operating System,LPDDR4X RAM,ASUS,1 TB,SSD
69990,Intel Core i5 Processor,8 GB,Windows 11 Operating System,DDR4 RAM,Lenovo,512 GB,SSD
59990,Intel Core i5 Processor,8 GB,Windows 11 Operating System,DDR4 RAM,ASUS,512 GB,SSD
66990,Intel Core i5 Processor,16 GB,Windows 11 Operating System,DDR4 RAM,ASUS,512 GB,SSD
196990,AMD Ryzen 9 Octa Core Processor,16 GB,Windows 11 Operating System,DDR5 RAM,ASUS,1 TB,SSD
38705,AMD Ryzen 5 Quad Core Processor,8 GB,Windows 11 Operating System,DDR4 RAM,Lenovo,512 GB,SSD
104990,Intel Core i7 Processor,16 GB,Windows 11 Operating System,LPDDR4X RAM,ASUS,512 GB,SSD
54900,,8 GB,Windows 11 Operating System,DDR4 RAM,DELL,256 GB,SSD
85990,AMD Ryzen 7 Octa Core Processor,16 GB,Windows 11 Operating System,DDR4 RAM,ASUS,1 TB,SSD
35590,AMD Ryzen 3 Dual Core Processor,8 GB,Windows 11 Operating System,DDR4 RAM,Lenovo,512 GB,SSD
136990,AMD Ryzen 7 Octa Core Processor,16 GB,Windows 11 Operating System,DDR4 RAM,Lenovo,1 TB,SSD
48184,,8 GB,Windows 11 Operating System,DDR4 RAM,DELL,512 GB,SSD
74990,Intel Core i5 Processor,16 GB,Windows 11 Operating System,DDR4 RAM,ASUS,512 GB,SSD
60990,Intel Core i5 Processor,8 GB,Windows 11 Operating System,DDR4 RAM,acer,512 GB,SSD
150990,AMD Ryzen 9 Octa Core Processor,16 GB,Windows 11 Operating System,DDR4 RAM,ASUS,1 TB,SSD
36990,Intel Core i3 Processor,8 GB,Windows 11 Operating System,DDR4 RAM,Lenovo,256 GB,SSD
49990,AMD Ryzen 5 Hexa Core Processor,8 GB,Windows 11 Operating System,DDR4 RAM,HP,512 GB,SSD
67990,,8 GB,Windows 11 Operating System,DDR4 RAM,DELL,512 GB,SSD
194990,AMD Ryzen 9 Octa Core Processor,16 GB,Windows 11 Operating System,DDR5 RAM,ASUS,1 TB,SSD
44990,AMD Ryzen 5 Hexa Core Processor,8 GB,Windows 11 Operating System,DDR4 RAM,Lenovo,512 GB,SSD
58000,Intel Core i5 Processor,8 GB,Windows 10 Operating System,DDR4 RAM,Lenovo,512 GB,SSD
29990,Intel Core i3 Processor,8 GB,Windows 11 Operating System,LPDDR4X RAM,Infinix,256 GB,SSD
114990,AMD Ryzen 7 Octa Core Processor,16 GB,Windows 11 Operating System,LPDDR5 RAM,ASUS,1 TB,SSD
33990,AMD Ryzen 3 Dual Core Processor,8 GB,Windows 11 Operating System,DDR4 RAM,HP,512 GB,SSD
39990,Intel Core i5 Processor,8 GB,Windows 11 Operating System,DDR4 RAM,RedmiBook,512 GB,SSD
196990,AMD Ryzen 9 Octa Core Processor,16 GB,Windows 11 Operating System,DDR5 RAM,ASUS,1 TB,SSD
64990,AMD Ryzen 5 Hexa Core Processor,16 GB,Windows 11 Operating System,DDR4 RAM,ASUS,512 GB,SSD
79990,Intel Core i5 Processor,16 GB,Windows 11 Operating System,DDR4 RAM,Lenovo,512 GB,SSD
38705,AMD Ryzen 5 Quad Core Processor,8 GB,Windows 11 Operating System,DDR4 RAM,Lenovo,512 GB,SSD
85990,AMD Ryzen 7 Octa Core Processor,16 GB,Windows 11 Operating System,DDR4 RAM,ASUS,1 TB,SSD
28990,Intel Core i3 Processor,8 GB,Windows 11 Operating System,LPDDR4X RAM,Infinix,256 GB,SSD
56990,AMD Ryzen 5 Dual Core Processor,8 GB,Windows 11 Operating System,DDR4 RAM,ASUS,512 GB,SSD
81990,AMD Ryzen 5 Hexa Core Processor,16 GB,Windows 11 Operating System,DDR4 RAM,HP,512 GB,SSD
129990,Intel Core i7 Processor,16 GB,Windows 10 Operating System,DDR4 RAM,MSI,1 TB,SSD
35590,AMD Ryzen 3 Dual Core Processor,8 GB,Windows 11 Operating System,DDR4 RAM,Lenovo,512 GB,SSD
150990,AMD Ryzen 9 Octa Core Processor,16 GB,Windows 11 Operating System,DDR4 RAM,ASUS,1 TB,SSD
38990,AMD Ryzen 3 Dual Core Processor,8 GB,Windows 10 Operating System,DDR4 RAM,DELL,1 TB,HDD
79990,AMD Ryzen 7 Octa Core Processor,16 GB,Windows 10 Operating System,DDR4 RAM,HP,"1 TB,256 GB","HDD,SSD"
36990,Intel Core i3 Processor,8 GB,Windows 11 Operating System,DDR4 RAM,Lenovo,256 GB,SSD
39990,Intel Core i3 Processor,8 GB,Windows 11 Operating System,DDR4 RAM,Lenovo,512 GB,SSD
139990,M2 Processor,8 GB,Mac OS Operating System,Unified Memory RAM,APPLE,512 GB,SSD
109990,Intel Core i7 Processor,16 GB,Windows 11 Operating System,DDR5 RAM,ASUS,1 TB,SSD
154990,AMD Ryzen 9 Octa Core Processor,16 GB,Windows 11 Operating System,DDR5 RAM,ASUS,1 TB,SSD
62990,Intel Core i5 Processor,16 GB,Windows 11 Operating System,DDR4 RAM,Lenovo,512 GB,SSD
194990,AMD Ryzen 9 Octa Core Processor,16 GB,Windows 11 Operating System,DDR5 RAM,ASUS,1 TB,SSD
44990,AMD Ryzen 5 Hexa Core Processor,8 GB,Windows 11 Operating System,DDR4 RAM,Lenovo,512 GB,SSD
47990,Intel Core i3 Processor,8 GB,Windows 11 Operating System,DDR4 RAM,ASUS,512 GB,SSD
43667,AMD Ryzen 3 Quad Core Processor,8 GB,Windows 11 Operating System,DDR4 RAM,DELL,512 GB,SSD
135990,AMD Ryzen 7 Octa Core Processor,16 GB,Windows 11 Operating System,DDR5 RAM,ASUS,1 TB,SSD
36990,Intel Core i3 Processor,8 GB,Windows 11 Operating System,DDR4 RAM,Lenovo,256 GB,SSD
98990,AMD Ryzen 7 Octa Core Processor,16 GB,Windows 11 Operating System,DDR5 RAM,ASUS,512 GB,SSD
46990,Intel Core i7 Processor,16 GB,Windows 11 Operating System,LPDDR4X RAM,Infinix,512 GB,SSD
35990,Intel Core i3 Processor,8 GB,Windows 11 Operating System,DDR4 RAM,ASUS,256 GB,SSD
39990,Intel Core i3 Processor,8 GB,Windows 11 Operating System,DDR4 RAM,Lenovo,512 GB,SSD
109990,Intel Core i7 Processor,16 GB,Windows 11 Operating System,DDR5 RAM,ASUS,1 TB,SSD
139990,M2 Processor,8 GB,Mac OS Operating System,Unified Memory RAM,APPLE,512 GB,SSD
74770,Intel Core i5 Processor,8 GB,Windows 11 Operating System,DDR4 RAM,DELL,512 GB,SSD
39990,Intel Core i5 Processor,8 GB,Windows 11 Operating System,DDR4 RAM,RedmiBook,512 GB,SSD
40799,AMD Ryzen 3 Quad Core Processor,8 GB,Windows 11 Operating System,DDR4 RAM,HP,512 GB,SSD
69490,Intel Core i5 Processor,16 GB,Windows 10 Operating System,DDR4 RAM,ASUS,512 GB,SSD
39990,Intel Core i3 Processor,8 GB,Windows 11 Operating System,DDR4 RAM,ASUS,512 GB,SSD
38705,AMD Ryzen 5 Quad Core Processor,8 GB,Windows 11 Operating System,DDR4 RAM,Lenovo,512 GB,SSD
99990,AMD Ryzen 5 Hexa Core Processor,16 GB,Windows 11 Operating System,LPDDR5 RAM,ASUS,512 GB,SSD
241990,M1 Pro Processor,16 GB,Mac OS Operating System,Unified Memory RAM,APPLE,1 TB,SSD
40990,Intel Core i5 Processor,8 GB,Windows 11 Operating System,DDR4 RAM,acer,512 GB,SSD
196990,AMD Ryzen 9 Octa Core Processor,16 GB,Windows 11 Operating System,DDR5 RAM,ASUS,1 TB,SSD
60390,Intel Core i5 Processor,8 GB,Windows 10 Operating System,DDR4 RAM,HP,512 GB,SSD
69990,Intel Core i5 Processor,8 GB,Windows 10 Operating System,DDR4 RAM,HP,"1 TB,256 GB","HDD,SSD"
44990,Intel Core i3 Processor,8 GB,Windows 11 Operating System,DDR4 RAM,ASUS,256 GB,SSD
85990,AMD Ryzen 7 Octa Core Processor,16 GB,Windows 11 Operating System,DDR4 RAM,ASUS,1 TB,SSD
44990,Intel Core i5 Processor,8 GB,Windows 11 Operating System,DDR4 RAM,ASUS,256 GB,SSD
60390,Intel Core i5 Processor,8 GB,Windows 10 Operating System,DDR4 RAM,HP,512 GB,SSD
69490,Intel Core i5 Processor,16 GB,Windows 10 Operating System,DDR4 RAM,ASUS,512 GB,SSD
40799,AMD Ryzen 3 Quad Core Processor,8 GB,Windows 11 Operating System,DDR4 RAM,HP,512 GB,SSD
39990,Intel Core i3 Processor,8 GB,Windows 11 Operating System,DDR4 RAM,Lenovo,512 GB,SSD
39990,Intel Core i5 Processor,8 GB,Windows 11 Operating System,DDR4 RAM,RedmiBook,512 GB,SSD
55990,AMD Ryzen 5 Hexa Core Processor,16 GB,Windows 11 Operating System,DDR4 RAM,HP,512 GB,SSD
74990,Intel Core i5 Processor,16 GB,Windows 11 Operating System,LPDDR4X RAM,Lenovo,512 GB,SSD
196990,AMD Ryzen 9 Octa Core Processor,16 GB,Windows 11 Operating System,DDR5 RAM,ASUS,1 TB,SSD
38705,AMD Ryzen 5 Quad Core Processor,8 GB,Windows 11 Operating System,DDR4 RAM,Lenovo,512 GB,SSD
69990,Intel Core i5 Processor,8 GB,Windows 10 Operating System,DDR4 RAM,HP,"1 TB,256 GB","HDD,SSD"
44990,Intel Core i3 Processor,8 GB,Windows 11 Operating System,DDR4 RAM,ASUS,256 GB,SSD
59990,Intel Core i5 Processor,8 GB,Windows 11 Operating System,DDR4 RAM,ASUS,1 TB,SSD
222990,M1 Pro Processor,16 GB,Mac OS Operating System,Unified Memory RAM,APPLE,512 GB,SSD
85990,AMD Ryzen 7 Octa Core Processor,16 GB,Windows 11 Operating System,DDR4 RAM,ASUS,1 TB,SSD
35590,AMD Ryzen 3 Dual Core Processor,8 GB,Windows 11 Operating System,DDR4 RAM,Lenovo,512 GB,SSD
74770,Intel Core i5 Processor,8 GB,Windows 11 Operating System,DDR4 RAM,DELL,512 GB,SSD
109990,Intel Core i7 Processor,16 GB,Windows 11 Operating System,DDR5 RAM,ASUS,1 TB,SSD
150990,AMD Ryzen 9 Octa Core Processor,16 GB,Windows 11 Operating System,DDR4 RAM,ASUS,1 TB,SSD
36990,Intel Core i3 Processor,8 GB,Windows 11 Operating System,DDR4 RAM,Lenovo,256 GB,SSD
62990,AMD Ryzen 5 Hexa Core Processor,8 GB,Windows 11 Operating System,DDR4 RAM,acer,512 GB,SSD
40990,Intel Core i5 Processor,8 GB,Windows 11 Operating System,DDR4 RAM,acer,512 GB,SSD
58499,Intel Core i5 Processor,8 GB,Windows 10 Operating System,DDR4 RAM,MSI,512 GB,SSD
65990,Intel Core i5 Processor,8 GB,Windows 10 Operating System,DDR4 RAM,Lenovo,"1 TB,256 GB","HDD,SSD"
36990,Intel Core i3 Processor,8 GB,Windows 11 Operating System,DDR4 RAM,Lenovo,256 GB,SSD
39990,Intel Core i5 Processor,8 GB,Windows 11 Operating System,DDR4 RAM,RedmiBook,512 GB,SSD
111990,Intel Core i7 Processor,16 GB,Windows 11 Operating System,DDR5 RAM,DELL,512 GB,SSD
68490,Intel Core i5 Processor,16 GB,Windows 11 Operating System,DDR4 RAM,Lenovo,512 GB,SSD
196990,AMD Ryzen 9 Octa Core Processor,16 GB,Windows 11 Operating System,DDR5 RAM,ASUS,1 TB,SSD
38705,AMD Ryzen 5 Quad Core Processor,8 GB,Windows 11 Operating System,DDR4 RAM,Lenovo,512 GB,SSD
46990,Intel Core i7 Processor,16 GB,Windows 11 Operating System,LPDDR4X RAM,Infinix,512 GB,SSD
83990,Intel Core i5 Processor,8 GB,Windows 10 Operating System,DDR4 RAM,ASUS,1 TB,HDD
54990,Intel Core i5 Processor,8 GB,Windows 11 Operating System,DDR4 RAM,acer,512 GB,SSD
85990,AMD Ryzen 7 Octa Core Processor,16 GB,Windows 11 Operating System,DDR4 RAM,ASUS,1 TB,SSD
35590,AMD Ryzen 3 Dual Core Processor,8 GB,Windows 11 Operating System,DDR4 RAM,Lenovo,512 GB,SSD
149990,M1 Processor,8 GB,Mac OS Operating System,DDR4 RAM,APPLE,1 TB,SSD
63090,,8 GB,Windows 10 Operating System,DDR4 RAM,DELL,512 GB,SSD
150990,AMD Ryzen 9 Octa Core Processor,16 GB,Windows 11 Operating System,DDR4 RAM,ASUS,1 TB,SSD
39990,Intel Core i3 Processor,8 GB,Windows 11 Operating System,DDR4 RAM,Lenovo,512 GB,SSD
200000,Intel Core i7 Processor,16 GB,Windows 11 Operating System,DDR5 RAM,MSI,1 TB,SSD
37390,Intel Core i3 Processor,8 GB,Windows 11 Operating System,DDR4 RAM,Lenovo,256 GB,SSD
63990,Intel Core i5 Processor,8 GB,Windows 11 Operating System,LPDDR4X RAM,ASUS,512 GB,SSD
43090,,8 GB,Windows 10 Operating System,DDR4 RAM,DELL,512 GB,SSD
194990,AMD Ryzen 9 Octa Core Processor,16 GB,Windows 11 Operating System,DDR5 RAM,ASUS,1 TB,SSD
44990,AMD Ryzen 5 Hexa Core Processor,8 GB,Windows 11 Operating System,DDR4 RAM,Lenovo,512 GB,SSD
44700,Intel Core i3 Processor,4 GB,Windows 10 Operating System,DDR4 RAM,Lenovo,256 GB,SSD
41150,Intel Core i3 Processor,8 GB,Windows 10 Operating System,DDR4 RAM,HP,256 GB,SSD
36990,Intel Core i3 Processor,8 GB,Windows 11 Operating System,DDR4 RAM,Lenovo,256 GB,SSD
39990,Intel Core i3 Processor,8 GB,Windows 11 Operating System,DDR4 RAM,Lenovo,512 GB,SSD
33990,AMD Ryzen 3 Dual Core Processor,8 GB,Windows 11 Operating System,DDR4 RAM,ASUS,256 GB,SSD
190890,Intel Core i7 Processor,16 GB,Windows 11 Operating System,DDR5 RAM,MSI,1 TB,SSD
174990,Intel Core i9 Processor,16 GB,Windows 11 Operating System,LPDDR5 RAM,ASUS,1 TB,SSD
118990,AMD Ryzen 7 Octa Core Processor,16 GB,Windows 11 Operating System,DDR4 RAM,HP,1 TB,SSD
39990,Intel Core i5 Processor,8 GB,Windows 11 Operating System,DDR4 RAM,RedmiBook,512 GB,SSD
196990,AMD Ryzen 9 Octa Core Processor,16 GB,Windows 11 Operating System,DDR5 RAM,ASUS,1 TB,SSD
63980,Intel Core i5 Processor,16 GB,Windows 11 Operating System,DDR4 RAM,ASUS,512 GB,SSD
54300,AMD Ryzen 5 Hexa Core Processor,8 GB,Windows 11 Operating System,DDR4 RAM,acer,512 GB,SSD
38705,AMD Ryzen 5 Quad Core Processor,8 GB,Windows 11 Operating System,DDR4 RAM,Lenovo,512 GB,SSD
85990,AMD Ryzen 7 Octa Core Processor,16 GB,Windows 11 Operating System,DDR4 RAM,ASUS,1 TB,SSD
36400,AMD Ryzen 3 Dual Core Processor,8 GB,Windows 11 Operating System,DDR4 RAM,DELL,256 GB,SSD
28590,Intel Core i3 Processor,4 GB,Windows 10 Operating System,DDR4 RAM,ASUS,256 GB,SSD
69999,AMD Ryzen 5 Hexa Core Processor,16 GB,Windows 11 Operating System,DDR4 RAM,DELL,512 GB,SSD
301990,Intel Core i9 Processor,32 GB,Windows 11 Operating System,DDR5 RAM,ASUS,1 TB,SSD
35590,AMD Ryzen 3 Dual Core Processor,8 GB,Windows 11 Operating System,DDR4 RAM,Lenovo,512 GB,SSD
150990,AMD Ryzen 9 Octa Core Processor,16 GB,Windows 11 Operating System,DDR4 RAM,ASUS,1 TB,SSD
37000,Intel Core i3 Processor,8 GB,Windows 11 Operating System,DDR4 RAM,Lenovo,256 GB,SSD
64990,Intel Core i5 Processor,16 GB,Windows 10 Operating System,DDR4 RAM,Lenovo,512 GB,SSD
73490,AMD Ryzen 7 Octa Core Processor,8 GB,Windows 11 Operating System,DDR4 RAM,Lenovo,512 GB,SSD
194990,AMD Ryzen 9 Octa Core Processor,16 GB,Windows 11 Operating System,DDR5 RAM,ASUS,1 TB,SSD
42690,Intel Core i3 Processor,8 GB,Windows 11 Operating System,DDR4 RAM,DELL,256 GB,SSD
140990,AMD Ryzen 7 Octa Core Processor,16 GB,Windows 11 Operating System,DDR5 RAM,ASUS,1 TB,SSD
38990,Intel Core i3 Processor,4 GB,Windows 10 Operating System,DDR4 RAM,Lenovo,256 GB,SSD
128990,Intel Core i7 Processor,16 GB,Windows 11 Operating System,LPDDR4X RAM,HP,512 GB,SSD
54999,Intel Core i3 Processor,8 GB,Windows 11 Operating System,DDR4 RAM,acer,512 GB,SSD
36990,Intel Core i3 Processor,8 GB,Windows 11 Operating System,DDR4 RAM,Lenovo,256 GB,SSD
60130,Intel Core i5 Processor,8 GB,Windows 10 Operating System,DDR4 RAM,acer,"1 TB,256 GB","HDD,SSD"
29490,Intel Pentium Silver Processor,8 GB,Windows 11 Operating System,DDR4 RAM,acer,256 GB,SSD
72490,Intel Core i5 Processor,8 GB,Windows 11 Operating System,DDR4 RAM,DELL,512 GB,SSD
39990,Intel Core i3 Processor,8 GB,Windows 11 Operating System,DDR4 RAM,Lenovo,512 GB,SSD
73990,Intel Core i5 Processor,16 GB,Windows 11 Operating System,DDR4 RAM,GIGABYTE,512 GB,SSD
47130,,8 GB,Windows 10 Operating System,DDR4 RAM,acer,1 TB,HDD
55600,AMD Ryzen 7 Octa Core Processor,8 GB,Windows 10 Operating System,DDR4 RAM,Lenovo,512 GB,SSD
39990,Intel Core i5 Processor,8 GB,Windows 11 Operating System,DDR4 RAM,RedmiBook,512 GB,SSD
49690,AMD Ryzen 5 Quad Core Processor,8 GB,Windows 10 Operating System,DDR4 RAM,DELL,512 GB,SSD
239990,Intel Core i7 Processor,32 GB,Windows 11 Operating System,DDR5 RAM,ASUS,1 TB,SSD
73990,Intel Core i5 Processor,16 GB,Windows 10 Operating System,DDR4 RAM,MSI,512 GB,SSD
38705,AMD Ryzen 5 Quad Core Processor,8 GB,Windows 11 Operating System,DDR4 RAM,Lenovo,512 GB,SSD
52490,AMD Ryzen 5 Hexa Core Processor,8 GB,Windows 10 Operating System,DDR4 RAM,HP,512 GB,SSD
41990,Intel Core i3 Processor,8 GB,Windows 11 Operating System,DDR4 RAM,HP,512 GB,SSD
29990,Intel Pentium Quad Core Processor,8 GB,Windows 11 Operating System,DDR4 RAM,ASUS,256 GB,SSD
196990,AMD Ryzen 9 Octa Core Processor,16 GB,Windows 11 Operating System,DDR5 RAM,ASUS,1 TB,SSD
50490,Intel Core i5 Processor,8 GB,Windows 10 Operating System,DDR4 RAM,Nokia,512 GB,SSD
96490,Intel Core i7 Processor,16 GB,Windows 10 Operating System,DDR4 RAM,acer,"1 TB,512 GB","HDD,SSD"
37990,Intel Core i5 Processor,16 GB,Windows 11 Operating System,LPDDR4X RAM,Infinix,512 GB,SSD
85990,AMD Ryzen 7 Octa Core Processor,16 GB,Windows 11 Operating System,DDR4 RAM,ASUS,1 TB,SSD
74990,Intel Core i5 Processor,16 GB,Windows 10 Operating System,LPDDR4X RAM,MSI,512 GB,SSD
51990,Intel Core i5 Processor,8 GB,Windows 10 Operating System,DDR4 RAM,ASUS,512 GB,SSD
36990,Intel Core i3 Processor,8 GB,Windows 11 Operating System,DDR4 RAM,Lenovo,256 GB,SSD
39990,Intel Core i3 Processor,8 GB,Windows 11 Operating System,DDR4 RAM,Lenovo,512 GB,SSD
71345,AMD Ryzen 5 Hexa Core Processor,8 GB,Windows 10 Operating System,DDR4 RAM,ASUS,"1 TB,256 GB","HDD,SSD"
101490,Intel Core i7 Processor,16 GB,Windows 10 Operating System,DDR4 RAM,ASUS,1 TB,SSD
274990,Intel Core i7 Processor,32 GB,Windows 11 Operating System,DDR5 RAM,MSI,1 TB,SSD
199990,AMD Ryzen 9 Octa Core Processor,16 GB,Windows 11 Operating System,DDR5 RAM,ASUS,1 TB,SSD
39990,Intel Core i5 Processor,8 GB,Windows 11 Operating System,DDR4 RAM,RedmiBook,512 GB,SSD
196990,AMD Ryzen 9 Octa Core Processor,16 GB,Windows 11 Operating System,DDR5 RAM,ASUS,1 TB,SSD
41090,Intel Core i3 Processor,8 GB,Windows 10 Operating System,DDR4 RAM,DELL,256 GB,SSD
50499,Intel Core i5 Processor,8 GB,Windows 10 Operating System,DDR4 RAM,Lenovo,256 GB,SSD
38705,AMD Ryzen 5 Quad Core Processor,8 GB,Windows 11 Operating System,DDR4 RAM,Lenovo,512 GB,SSD
85990,AMD Ryzen 7 Octa Core Processor,16 GB,Windows 11 Operating System,DDR4 RAM,ASUS,1 TB,SSD
78950,AMD Ryzen 7 Octa Core Processor,8 GB,Windows 11 Operating System,DDR4 RAM,HP,512 GB,SSD
67990,AMD Ryzen 5 Hexa Core Processor,16 GB,Windows 11 Operating System,LPDDR4X RAM,Lenovo,512 GB,SSD
187990,AMD Ryzen 9 Octa Core Processor,16 GB,Windows 11 Operating System,DDR4 RAM,ASUS,1 TB,SSD
102990,Intel Core i7 Processor,16 GB,Windows 10 Operating System,DDR4 RAM,Lenovo,1 TB,SSD
35590,AMD Ryzen 3 Dual Core Processor,8 GB,Windows 11 Operating System,DDR4 RAM,Lenovo,512 GB,SSD
150990,AMD Ryzen 9 Octa Core Processor,16 GB,Windows 11 Operating System,DDR4 RAM,ASUS,1 TB,SSD
35990,Intel Core i3 Processor,4 GB,DOS Operating System,DDR4 RAM,ASUS,256 GB,SSD
52575,AMD Ryzen 5 Quad Core Processor,8 GB,Windows 10 Operating System,DDR4 RAM,HP,512 GB,SSD
73490,AMD Ryzen 7 Octa Core Processor,8 GB,Windows 11 Operating System,DDR4 RAM,Lenovo,512 GB,SSD
194990,AMD Ryzen 9 Octa Core Processor,16 GB,Windows 11 Operating System,DDR5 RAM,ASUS,1 TB,SSD
50990,AMD Ryzen 5 Quad Core Processor,8 GB,Windows 11 Operating System,DDR4 RAM,DELL,512 GB,SSD
60125,Intel Core i5 Processor,16 GB,Windows 10 Operating System,DDR4 RAM,Lenovo,512 GB,SSD
26490,Intel Celeron Dual Core Processor,4 GB,Windows 10 Operating System,DDR4 RAM,Lenovo,256 GB,SSD
80249,AMD Ryzen 7 Octa Core Processor,8 GB,Windows 11 Operating System,DDR4 RAM,HP,512 GB,SSD
36990,Intel Core i3 Processor,8 GB,Windows 11 Operating System,DDR4 RAM,Lenovo,256 GB,SSD
39990,Intel Core i3 Processor,8 GB,Windows 11 Operating System,DDR4 RAM,Lenovo,512 GB,SSD
76990,AMD Ryzen 7 Octa Core Processor,8 GB,Windows 10 Operating System,DDR4 RAM,ASUS,1 TB,SSD
39990,Intel Core i5 Processor,8 GB,Windows 11 Operating System,DDR4 RAM,RedmiBook,512 GB,SSD
196990,AMD Ryzen 9 Octa Core Processor,16 GB,Windows 11 Operating System,DDR5 RAM,ASUS,1 TB,SSD
36990,Intel Core i3 Processor,8 GB,Windows 10 Operating System,DDR4 RAM,ASUS,512 GB,SSD
107790,,16 GB,Windows 10 Operating System,DDR4 RAM,MSI,512 GB,SSD
75990,Intel Core i5 Processor,16 GB,Windows 11 Operating System,DDR4 RAM,DELL,512 GB,SSD
95990,Intel Core i5 Processor,16 GB,Windows 10 Operating System,LPDDR4X RAM,ASUS,512 GB,SSD
38705,AMD Ryzen 5 Quad Core Processor,8 GB,Windows 11 Operating System,DDR4 RAM,Lenovo,512 GB,SSD
85990,AMD Ryzen 7 Octa Core Processor,16 GB,Windows 11 Operating System,DDR4 RAM,ASUS,1 TB,SSD
61999,Intel Core i5 Processor,8 GB,Windows 11 Operating System,DDR4 RAM,acer,512 GB,SSD
28990,Intel Celeron Dual Core Processor,8 GB,Windows 11 Operating System,DDR4 RAM,HP,256 GB,SSD
35590,AMD Ryzen 3 Dual Core Processor,8 GB,Windows 11 Operating System,DDR4 RAM,Lenovo,512 GB,SSD
150990,AMD Ryzen 9 Octa Core Processor,16 GB,Windows 11 Operating System,DDR4 RAM,ASUS,1 TB,SSD
54990,Intel Core i5 Processor,8 GB,Windows 10 Operating System,DDR4 RAM,Lenovo,512 GB,SSD
56990,Intel Core i7 Processor,16 GB,Windows 11 Operating System,DDR4 RAM,ASUS,512 GB,SSD
45990,Intel Core i5 Processor,8 GB,Windows 11 Operating System,DDR4 RAM,ASUS,256 GB,SSD
38216,Intel Core i3 Processor,8 GB,Windows 11 Operating System,DDR4 RAM,ASUS,512 GB,SSD
36990,Intel Core i3 Processor,8 GB,Windows 11 Operating System,DDR4 RAM,Lenovo,256 GB,SSD
39990,Intel Core i3 Processor,8 GB,Windows 11 Operating System,DDR4 RAM,Lenovo,512 GB,SSD
79990,Intel Core i7 Processor,8 GB,Windows 11 Operating System,DDR4 RAM,MSI,512 GB,SSD
43990,Intel Core i3 Processor,4 GB,Windows 10 Operating System,DDR4 RAM,DELL,"1 TB,256 GB","HDD,SSD"
39990,Intel Core i5 Processor,8 GB,Windows 11 Operating System,DDR4 RAM,RedmiBook,512 GB,SSD
196990,AMD Ryzen 9 Octa Core Processor,16 GB,Windows 11 Operating System,DDR5 RAM,ASUS,1 TB,SSD
108250,AMD Ryzen 7 Octa Core Processor,16 GB,Windows 11 Operating System,DDR4 RAM,HP,1 TB,SSD
28990,Intel Core i3 Processor,4 GB,Windows 10 Operating System,DDR4 RAM,ASUS,1 TB,HDD
389990,Intel Core i9 Processor,32 GB,Windows 11 Operating System,DDR5 RAM,MSI,2 TB,SSD
67224,Intel Core i5 Processor,16 GB,Windows 11 Operating System,DDR4 RAM,DELL,512 GB,SSD
38705,AMD Ryzen 5 Quad Core Processor,8 GB,Windows 11 Operating System,DDR4 RAM,Lenovo,512 GB,SSD
85990,AMD Ryzen 7 Octa Core Processor,16 GB,Windows 11 Operating System,DDR4 RAM,ASUS,1 TB,SSD
114990,AMD Ryzen 7 Octa Core Processor,16 GB,Windows 10 Operating System,DDR4 RAM,acer,"1 TB,256 GB","HDD,SSD"
61249,Intel Core i5 Processor,4 GB,Windows 10 Operating System,DDR4 RAM,ASUS,1 TB,HDD
35590,AMD Ryzen 3 Dual Core Processor,8 GB,Windows 11 Operating System,DDR4 RAM,Lenovo,512 GB,SSD
150990,AMD Ryzen 9 Octa Core Processor,16 GB,Windows 11 Operating System,DDR4 RAM,ASUS,1 TB,SSD
69990,Intel Core i5 Processor,16 GB,Windows 11 Operating System,DDR4 RAM,HP,512 GB,SSD
69990,AMD Ryzen 5 Hexa Core Processor,8 GB,DOS Operating System,DDR4 RAM,Lenovo,512 GB,SSD
79990,Intel Core i5 Processor,16 GB,Windows 11 Operating System,DDR4 RAM,Lenovo,512 GB,SSD
37990,AMD Ryzen 3 Dual Core Processor,8 GB,Windows 10 Operating System,DDR4 RAM,Lenovo,256 GB,SSD
73490,AMD Ryzen 7 Octa Core Processor,8 GB,Windows 11 Operating System,DDR4 RAM,Lenovo,512 GB,SSD
194990,AMD Ryzen 9 Octa Core Processor,16 GB,Windows 11 Operating System,DDR5 RAM,ASUS,1 TB,SSD
36990,Intel Core i5 Processor,8 GB,Windows 11 Operating System,LPDDR4X RAM,Infinix,512 GB,SSD
29980,Intel Celeron Dual Core Processor,4 GB,Windows 11 Operating System,DDR4 RAM,ASUS,128 GB,SSD
36990,Intel Core i3 Processor,8 GB,Windows 11 Operating System,DDR4 RAM,Lenovo,256 GB,SSD
39990,Intel Core i5 Processor,8 GB,Windows 11 Operating System,DDR4 RAM,RedmiBook,512 GB,SSD
95990,Intel Core i5 Processor,16 GB,Windows 10 Operating System,LPDDR4X RAM,ASUS,512 GB,SSD
41600,AMD Ryzen 3 Dual Core Processor,8 GB,Windows 11 Operating System,DDR4 RAM,DELL,512 GB,SSD
67224,Intel Core i5 Processor,16 GB,Windows 11 Operating System,DDR4 RAM,DELL,512 GB,SSD
61986,Intel Core i5 Processor,8 GB,Windows 11 Operating System,DDR4 RAM,ASUS,512 GB,SSD
196990,AMD Ryzen 9 Octa Core Processor,16 GB,Windows 11 Operating System,DDR5 RAM,ASUS,1 TB,SSD
38705,AMD Ryzen 5 Quad Core Processor,8 GB,Windows 11 Operating System,DDR4 RAM,Lenovo,512 GB,SSD
61249,Intel Core i5 Processor,4 GB,Windows 10 Operating System,DDR4 RAM,ASUS,1 TB,HDD
38999,AMD Ryzen 3 Dual Core Processor,8 GB,Windows 11 Operating System,DDR4 RAM,HP,256 GB,SSD
85990,AMD Ryzen 7 Octa Core Processor,16 GB,Windows 11 Operating System,DDR4 RAM,ASUS,1 TB,SSD
35590,AMD Ryzen 3 Dual Core Processor,8 GB,Windows 11 Operating System,DDR4 RAM,Lenovo,512 GB,SSD
31990,Intel Core i3 Processor,4 GB,Windows 11 Operating System,DDR4 RAM,Lenovo,256 GB,SSD
37990,AMD Ryzen 3 Dual Core Processor,8 GB,Windows 10 Operating System,DDR4 RAM,Lenovo,256 GB,SSD
29980,Intel Celeron Dual Core Processor,4 GB,Windows 11 Operating System,DDR4 RAM,ASUS,128 GB,SSD
46990,Intel Core i5 Processor,8 GB,Windows 11 Operating System,DDR4 RAM,ASUS,512 GB,SSD
150990,AMD Ryzen 9 Octa Core Processor,16 GB,Windows 11 Operating System,DDR4 RAM,ASUS,1 TB,SSD
73490,AMD Ryzen 7 Octa Core Processor,8 GB,Windows 11 Operating System,DDR4 RAM,Lenovo,512 GB,SSD
37990,Intel Core i5 Processor,8 GB,Windows 11 Operating System,LPDDR4X RAM,Infinix,512 GB,SSD
36990,Intel Core i5 Processor,8 GB,Windows 11 Operating System,LPDDR4X RAM,Infinix,512 GB,SSD
39990,Intel Core i3 Processor,8 GB,Windows 11 Operating System,DDR4 RAM,Lenovo,512 GB,SSD
194990,AMD Ryzen 9 Octa Core Processor,16 GB,Windows 11 Operating System,DDR5 RAM,ASUS,1 TB,SSD
61490,,8 GB,Windows 10 Operating System,DDR4 RAM,acer,"1 TB,256 GB","HDD,SSD"
109990,AMD Ryzen 7 Octa Core Processor,16 GB,Windows 10 Operating System,DDR4 RAM,HP,1 TB,SSD
54990,AMD Ryzen 5 Hexa Core Processor,8 GB,Windows 11 Operating System,DDR4 RAM,HP,512 GB,SSD
50990,AMD Ryzen 5 Hexa Core Processor,8 GB,Windows 10 Operating System,DDR4 RAM,Lenovo,512 GB,SSD
36990,Intel Core i3 Processor,8 GB,Windows 11 Operating System,DDR4 RAM,Lenovo,256 GB,SSD
39990,Intel Core i5 Processor,8 GB,Windows 11 Operating System,DDR4 RAM,RedmiBook,512 GB,SSD
62190,Intel Core i5 Processor,8 GB,Windows 10 Operating System,DDR4 RAM,MSI,1 TB,HDD
196990,AMD Ryzen 9 Octa Core Processor,16 GB,Windows 11 Operating System,DDR5 RAM,ASUS,1 TB,SSD
38705,AMD Ryzen 5 Quad Core Processor,8 GB,Windows 11 Operating System,DDR4 RAM,Lenovo,512 GB,SSD
36990,Intel Core i3 Processor,8 GB,Windows 11 Operating System,DDR4 RAM,Lenovo,1 TB,HDD
159990,AMD Ryzen 7 Octa Core Processor,16 GB,Windows 10 Operating System,DDR4 RAM,HP,1 TB,SSD
34490,Intel Core i3 Processor,4 GB,Windows 11 Operating System,DDR4 RAM,ASUS,256 GB,SSD
99990,AMD Ryzen 9 Octa Core Processor,16 GB,Windows 11 Operating System,DDR4 RAM,ASUS,512 GB,SSD
85990,AMD Ryzen 7 Octa Core Processor,16 GB,Windows 11 Operating System,DDR4 RAM,ASUS,1 TB,SSD
35590,AMD Ryzen 3 Dual Core Processor,8 GB,Windows 11 Operating System,DDR4 RAM,Lenovo,512 GB,SSD
79990,Intel Core i5 Processor,8 GB,Windows 11 Operating System,LPDDR4X RAM,ASUS,512 GB,SSD
20990,Intel Celeron Quad Core Processor,4 GB,Windows 11 Operating System,LPDDR4X RAM,Infinix,128 GB,SSD
150990,AMD Ryzen 9 Octa Core Processor,16 GB,Windows 11 Operating System,DDR4 RAM,ASUS,1 TB,SSD
39990,Intel Core i3 Processor,8 GB,Windows 11 Operating System,DDR4 RAM,Lenovo,512 GB,SSD
41490,Intel Core i3 Processor,8 GB,Windows 11 Operating System,DDR4 RAM,HP,"1 TB,256 GB","HDD,SSD"
206581,AMD Ryzen 7 Octa Core Processor,16 GB,Windows 11 Operating System,DDR5 RAM,DELL,1 TB,SSD
59990,AMD Ryzen 5 Hexa Core Processor,8 GB,Windows 11 Operating System,DDR4 RAM,ASUS,512 GB,SSD
62990,Intel Core i5 Processor,16 GB,Windows 11 Operating System,DDR4 RAM,acer,512 GB,SSD
194990,AMD Ryzen 9 Octa Core Processor,16 GB,Windows 11 Operating System,DDR5 RAM,ASUS,1 TB,SSD
44990,AMD Ryzen 5 Hexa Core Processor,8 GB,Windows 11 Operating System,DDR4 RAM,Lenovo,512 GB,SSD
194990,AMD Ryzen 9 Octa Core Processor,16 GB,Windows 11 Operating System,DDR5 RAM,ASUS,1 TB,SSD
62990,AMD Ryzen 5 Hexa Core Processor,8 GB,Windows 10 Operating System,DDR4 RAM,ASUS,"1 TB,256 GB","HDD,SSD"
39990,Intel Core i5 Processor,8 GB,Windows 11 Operating System,DDR4 RAM,RedmiBook,512 GB,SSD
196990,AMD Ryzen 9 Octa Core Processor,16 GB,Windows 11 Operating System,DDR5 RAM,ASUS,1 TB,SSD
61990,AMD Ryzen 5 Hexa Core Processor,8 GB,Windows 10 Operating System,DDR4 RAM,Lenovo,512 GB,SSD
105990,AMD Ryzen 7 Octa Core Processor,16 GB,Windows 11 Operating System,DDR5 RAM,ASUS,1 TB,SSD
155490,Intel Core i7 Processor,16 GB,Windows 11 Operating System,DDR5 RAM,acer,1 TB,SSD
19990,Intel Celeron Dual Core Processor,4 GB,Windows 11 Operating System,LPDDR4 RAM,Ultimus,128 GB,SSD
38705,AMD Ryzen 5 Quad Core Processor,8 GB,Windows 11 Operating System,DDR4 RAM,Lenovo,512 GB,SSD
85990,AMD Ryzen 7 Octa Core Processor,16 GB,Windows 11 Operating System,DDR4 RAM,ASUS,1 TB,SSD
33499,Intel Core i3 Processor,4 GB,Windows 10 Operating System,DDR4 RAM,Lenovo,1 TB,HDD
42990,Intel Core i5 Processor,8 GB,Windows 11 Operating System,LPDDR4X RAM,Infinix,512 GB,SSD
35590,AMD Ryzen 3 Dual Core Processor,8 GB,Windows 11 Operating System,DDR4 RAM,Lenovo,512 GB,SSD
150990,AMD Ryzen 9 Octa Core Processor,16 GB,Windows 11 Operating System,DDR4 RAM,ASUS,1 TB,SSD
63990,Intel Core i5 Processor,8 GB,Windows 11 Operating System,DDR4 RAM,HP,512 GB,SSD
124990,Intel Core i9 Processor,16 GB,Windows 11 Operating System,DDR4 RAM,acer,1 TB,SSD
30100,Intel Celeron Dual Core Processor,4 GB,Windows 10 Operating System,DDR4 RAM,Lenovo,256 GB,SSD
36990,Intel Core i3 Processor,8 GB,Windows 11 Operating System,DDR4 RAM,Lenovo,256 GB,SSD
39990,Intel Core i3 Processor,8 GB,Windows 11 Operating System,DDR4 RAM,Lenovo,512 GB,SSD
199990,Intel Core i7 Processor,32 GB,Windows 11 Operating System,DDR5 RAM,HP,1 TB,SSD
61130,Intel Core i5 Processor,8 GB,Windows 11 Operating System,DDR4 RAM,acer,"1 TB,256 GB","HDD,SSD"
194990,AMD Ryzen 9 Octa Core Processor,16 GB,Windows 11 Operating System,DDR5 RAM,ASUS,1 TB,SSD
44990,AMD Ryzen 5 Hexa Core Processor,8 GB,Windows 11 Operating System,DDR4 RAM,Lenovo,512 GB,SSD
40990,Intel Core i3 Processor,8 GB,Windows 11 Operating System,DDR4 RAM,Lenovo,"1 TB,256 GB","HDD,SSD"
75990,Intel Core i5 Processor,8 GB,Windows 10 Operating System,DDR4 RAM,ASUS,1 TB,SSD
46890,Intel Core i3 Processor,8 GB,Windows 11 Operating System,DDR4 RAM,HP,512 GB,SSD
37390,Intel Core i3 Processor,8 GB,Windows 11 Operating System,DDR4 RAM,Lenovo,256 GB,SSD
36990,Intel Core i3 Processor,8 GB,Windows 11 Operating System,DDR4 RAM,Lenovo,256 GB,SSD
39990,Intel Core i3 Processor,8 GB,Windows 11 Operating System,DDR4 RAM,Lenovo,512 GB,SSD
68490,Intel Core i5 Processor,16 GB,Windows 11 Operating System,DDR4 RAM,Lenovo,512 GB,SSD
39990,Intel Core i5 Processor,8 GB,Windows 11 Operating System,DDR4 RAM,RedmiBook,512 GB,SSD
196990,AMD Ryzen 9 Octa Core Processor,16 GB,Windows 11 Operating System,DDR5 RAM,ASUS,1 TB,SSD
89990,Intel Core i7 Processor,16 GB,Windows 11 Operating System,DDR4 RAM,ASUS,512 GB,SSD
59790,Intel Core i5 Processor,8 GB,Windows 11 Operating System,DDR4 RAM,DELL,512 GB,SSD
125990,Intel Core i9 Processor,16 GB,Windows 11 Operating System,DDR4 RAM,MSI,1 TB,SSD
249990,AMD Ryzen 7 Octa Core Processor,32 GB,Windows 11 Operating System,DDR5 RAM,ASUS,2 TB,SSD
38705,AMD Ryzen 5 Quad Core Processor,8 GB,Windows 11 Operating System,DDR4 RAM,Lenovo,512 GB,SSD
85990,AMD Ryzen 7 Octa Core Processor,16 GB,Windows 11 Operating System,DDR4 RAM,ASUS,1 TB,SSD
149990,AMD Ryzen 7 Octa Core Processor,16 GB,Windows 11 Operating System,DDR5 RAM,ASUS,1 TB,SSD
36990,Intel Pentium Quad Core Processor,8 GB,Windows 11 Operating System,DDR4 RAM,DELL,256 GB,SSD
35590,AMD Ryzen 3 Dual Core Processor,8 GB,Windows 11 Operating System,DDR4 RAM,Lenovo,512 GB,SSD
150990,AMD Ryzen 9 Octa Core Processor,16 GB,Windows 11 Operating System,DDR4 RAM,ASUS,1 TB,SSD
85990,Intel Core i5 Processor,16 GB,Windows 10 Operating System,DDR4 RAM,ASUS,512 GB,SSD
60990,AMD Ryzen 7 Octa Core Processor,8 GB,Windows 10 Operating System,DDR4 RAM,HP,512 GB,SSD
87900,Intel Core i5 Processor,8 GB,Windows 11 Operating System,DDR5 RAM,DELL,512 GB,SSD
27490,AMD Dual Core Processor,4 GB,Windows 10 Operating System,DDR4 RAM,Lenovo,1 TB,HDD
36990,Intel Pentium Quad Core Processor,8 GB,Windows 11 Operating System,DDR4 RAM,DELL,256 GB,SSD
249990,AMD Ryzen 7 Octa Core Processor,32 GB,Windows 11 Operating System,DDR5 RAM,ASUS,2 TB,SSD
149990,AMD Ryzen 7 Octa Core Processor,16 GB,Windows 11 Operating System,DDR5 RAM,ASUS,1 TB,SSD
39990,Intel Core i5 Processor,8 GB,Windows 11 Operating System,DDR4 RAM,RedmiBook,512 GB,SSD
28999,AMD Ryzen 3 Dual Core Processor,8 GB,Windows 11 Operating System,DDR4 RAM,HP,1 TB,HDD
87900,Intel Core i5 Processor,8 GB,Windows 11 Operating System,DDR5 RAM,DELL,512 GB,SSD
117990,Intel Core i7 Processor,16 GB,Windows 10 Operating System,DDR4 RAM,acer,"1 TB,512 GB","HDD,SSD"
38705,AMD Ryzen 5 Quad Core Processor,8 GB,Windows 11 Operating System,DDR4 RAM,Lenovo,512 GB,SSD
85990,Intel Core i5 Processor,16 GB,Windows 10 Operating System,DDR4 RAM,ASUS,512 GB,SSD
61497,Intel Core i5 Processor,8 GB,Windows 11 Operating System,DDR4 RAM,DELL,"1 TB,256 GB","HDD,SSD"
70400,AMD Ryzen 5 Hexa Core Processor,8 GB,Windows 11 Operating System,DDR4 RAM,HP,512 GB,SSD
196990,AMD Ryzen 9 Octa Core Processor,16 GB,Windows 11 Operating System,DDR5 RAM,ASUS,1 TB,SSD
69000,Intel Core i5 Processor,16 GB,Windows 10 Operating System,DDR4 RAM,Lenovo,512 GB,SSD
64490,AMD Ryzen 5 Hexa Core Processor,8 GB,Windows 11 Operating System,DDR4 RAM,Lenovo,512 GB,SSD
149990,AMD Ryzen 7 Octa Core Processor,16 GB,Windows 11 Operating System,DDR5 RAM,ASUS,1 TB,SSD
85990,AMD Ryzen 7 Octa Core Processor,16 GB,Windows 11 Operating System,DDR4 RAM,ASUS,1 TB,SSD
96579,AMD Ryzen 5 Hexa Core Processor,8 GB,Windows 11 Operating System,DDR5 RAM,HP,512 GB,SSD
101990,,16 GB,Windows 11 Operating System,DDR4 RAM,DELL,512 GB,SSD
89990,Intel Core i7 Processor,16 GB,Windows 11 Operating System,DDR4 RAM,ASUS,512 GB,SSD
35590,AMD Ryzen 3 Dual Core Processor,8 GB,Windows 11 Operating System,DDR4 RAM,Lenovo,512 GB,SSD
94990,AMD Ryzen 7 Octa Core Processor,8 GB,Windows 11 Operating System,DDR5 RAM,HP,512 GB,SSD
314990,Intel Core i7 Processor,32 GB,Windows 11 Operating System,DDR5 RAM,MSI,2 TB,SSD
46900,Intel Core i3 Processor,8 GB,Windows 11 Operating System,DDR4 RAM,DELL,"1 TB,256 GB","HDD,SSD"
150990,AMD Ryzen 9 Octa Core Processor,16 GB,Windows 11 Operating System,DDR4 RAM,ASUS,1 TB,SSD
36990,Intel Core i3 Processor,8 GB,Windows 11 Operating System,DDR4 RAM,Lenovo,256 GB,SSD
39990,Intel Core i3 Processor,8 GB,Windows 11 Operating System,DDR4 RAM,Lenovo,512 GB,SSD
331990,Intel Core i9 Processor,32 GB,Windows 11 Operating System,DDR5 RAM,ASUS,2 TB,SSD
116490,Intel Core i7 Processor,16 GB,Windows 11 Operating System,DDR5 RAM,DELL,1 TB,SSD
64590,AMD Ryzen 3 Hexa Core Processor,8 GB,Windows 10 Operating System,DDR4 RAM,HP,512 GB,SSD
137990,Intel Core i7 Processor,16 GB,Windows 11 Operating System,DDR5 RAM,DELL,1 TB,SSD
39990,Intel Core i5 Processor,8 GB,Windows 11 Operating System,DDR4 RAM,RedmiBook,512 GB,SSD
196990,AMD Ryzen 9 Octa Core Processor,16 GB,Windows 11 Operating System,DDR5 RAM,ASUS,1 TB,SSD
55690,Intel Core i5 Processor,8 GB,Windows 10 Operating System,DDR4 RAM,DELL,512 GB,SSD
109990,Intel Core i7 Processor,16 GB,Windows 10 Operating System,DDR4 RAM,Lenovo,512 GB,SSD
38705,AMD Ryzen 5 Quad Core Processor,8 GB,Windows 11 Operating System,DDR4 RAM,Lenovo,512 GB,SSD
85990,AMD Ryzen 7 Octa Core Processor,16 GB,Windows 11 Operating System,DDR4 RAM,ASUS,1 TB,SSD
79990,Intel Core i7 Processor,8 GB,Windows 10 Operating System,DDR4 RAM,ASUS,"1 TB,256 GB","HDD,SSD"
130500,AMD Ryzen 9 Octa Core Processor,16 GB,Windows 11 Operating System,DDR4 RAM,ASUS,1 TB,SSD
361990,AMD Ryzen 9 Octa Core Processor,32 GB,Windows 11 Operating System,DDR5 RAM,ASUS,2 TB,SSD
211990,AMD Ryzen 9 Octa Core Processor,16 GB,Windows 11 Operating System,DDR5 RAM,ASUS,1 TB,SSD
35590,AMD Ryzen 3 Dual Core Processor,8 GB,Windows 11 Operating System,DDR4 RAM,Lenovo,512 GB,SSD
150990,AMD Ryzen 9 Octa Core Processor,16 GB,Windows 11 Operating System,DDR4 RAM,ASUS,1 TB,SSD
39890,Intel Core i3 Processor,4 GB,Windows 10 Operating System,DDR4 RAM,DELL,256 GB,SSD
139990,Intel Core i7 Processor,16 GB,Windows 11 Operating System,DDR4 RAM,MSI,1 TB,SSD
73490,AMD Ryzen 7 Octa Core Processor,8 GB,Windows 11 Operating System,DDR4 RAM,Lenovo,512 GB,SSD
194990,AMD Ryzen 9 Octa Core Processor,16 GB,Windows 11 Operating System,DDR5 RAM,ASUS,1 TB,SSD
99990,Intel Core i7 Processor,16 GB,Windows 10 Operating System,DDR4 RAM,MSI,"1 TB,256 GB","HDD,SSD"
66700,Intel Core i5 Processor,16 GB,Windows 10 Operating System,DDR4 RAM,HP,512 GB,SSD
68990,Intel Core i5 Processor,8 GB,Windows 10 Operating System,DDR4 RAM,DELL,"1 TB,256 GB","HDD,SSD"
434830,Intel Core i9 Processor,32 GB,Windows 11 Operating System,DDR4 RAM,DELL,1 TB,SSD
36990,Intel Core i3 Processor,8 GB,Windows 11 Operating System,DDR4 RAM,Lenovo,256 GB,SSD
39990,Intel Core i3 Processor,8 GB,Windows 11 Operating System,DDR4 RAM,Lenovo,512 GB,SSD
345390,,32 GB,Windows 10 Operating System,DDR4 RAM,ALIENWARE,1 TB,SSD
105822,Intel Core i7 Processor,16 GB,Windows 11 Operating System,DDR4 RAM,HP,512 GB,SSD
39990,Intel Core i5 Processor,8 GB,Windows 11 Operating System,DDR4 RAM,RedmiBook,512 GB,SSD
196990,AMD Ryzen 9 Octa Core Processor,16 GB,Windows 11 Operating System,DDR5 RAM,ASUS,1 TB,SSD
66990,Intel Core i5 Processor,16 GB,Windows 10 Operating System,DDR4 RAM,Lenovo,512 GB,SSD
86999,Intel Core i5 Processor,8 GB,Windows 11 Operating System,DDR4 RAM,acer,512 GB,SSD
36990,Intel Core i3 Processor,8 GB,Windows 10 Operating System,DDR4 RAM,ASUS,256 GB,SSD
38705,AMD Ryzen 5 Quad Core Processor,8 GB,Windows 11 Operating System,DDR4 RAM,Lenovo,512 GB,SSD
85990,AMD Ryzen 7 Octa Core Processor,16 GB,Windows 11 Operating System,DDR4 RAM,ASUS,1 TB,SSD
23250,Intel Celeron Dual Core Processor,4 GB,Windows 11 Operating System,DDR4 RAM,Lenovo,256 GB,SSD
42390,Intel Core i3 Processor,8 GB,Windows 10 Operating System,DDR4 RAM,DELL,256 GB,SSD
35590,AMD Ryzen 3 Dual Core Processor,8 GB,Windows 11 Operating System,DDR4 RAM,Lenovo,512 GB,SSD
150990,AMD Ryzen 9 Octa Core Processor,16 GB,Windows 11 Operating System,DDR4 RAM,ASUS,1 TB,SSD
58990,Intel Core i5 Processor,8 GB,Windows 10 Operating System,DDR4 RAM,Lenovo,512 GB,SSD
110990,,16 GB,Windows 10 Operating System,DDR4 RAM,ASUS,1 TB,SSD
71990,,8 GB,Windows 11 Operating System,DDR4 RAM,DELL,512 GB,SSD
194990,AMD Ryzen 9 Octa Core Processor,16 GB,Windows 11 Operating System,DDR5 RAM,ASUS,1 TB,SSD
44990,AMD Ryzen 5 Hexa Core Processor,8 GB,Windows 11 Operating System,DDR4 RAM,Lenovo,512 GB,SSD
84990,Intel Core i5 Processor,16 GB,Windows 10 Operating System,DDR4 RAM,Lenovo,512 GB,SSD
119990,AMD Ryzen 7 Octa Core Processor,16 GB,Windows 11 Operating System,LPDDR5 RAM,ASUS,1 TB,SSD
36990,Intel Core i3 Processor,8 GB,Windows 11 Operating System,DDR4 RAM,Lenovo,256 GB,SSD
39990,Intel Core i3 Processor,8 GB,Windows 11 Operating System,DDR4 RAM,Lenovo,512 GB,SSD
214990,Intel Core i7 Processor,32 GB,Windows 10 Operating System,DDR4 RAM,MSI,1 TB,SSD
48790,Intel Core i3 Processor,8 GB,Windows 10 Operating System,DDR4 RAM,MSI,512 GB,SSD
76000,AMD Ryzen 7 Octa Core Processor,16 GB,Windows 11 Operating System,DDR4 RAM,DELL,512 GB,SSD
224990,AMD Ryzen 9 Octa Core Processor,32 GB,Windows 10 Operating System,LPDDR4X RAM,ASUS,1 TB,SSD
39990,Intel Core i5 Processor,8 GB,Windows 11 Operating System,DDR4 RAM,RedmiBook,512 GB,SSD
196990,AMD Ryzen 9 Octa Core Processor,16 GB,Windows 11 Operating System,DDR5 RAM,ASUS,1 TB,SSD
49990,Intel Core i3 Processor,8 GB,Windows 11 Operating System,LPDDR4X RAM,Infinix,512 GB,SSD
164990,Intel Core i7 Processor,16 GB,Windows 11 Operating System,LPDDR5 RAM,ASUS,512 GB,SSD
38705,AMD Ryzen 5 Quad Core Processor,8 GB,Windows 11 Operating System,DDR4 RAM,Lenovo,512 GB,SSD
85990,AMD Ryzen 7 Octa Core Processor,16 GB,Windows 11 Operating System,DDR4 RAM,ASUS,1 TB,SSD
31490,AMD Ryzen 3 Dual Core Processor,8 GB,Windows 11 Operating System,DDR4 RAM,HP,256 GB,SSD
48077,Intel Core i3 Processor,8 GB,Windows 11 Operating System,DDR4 RAM,DELL,512 GB,SSD
154990,AMD Ryzen 9 Octa Core Processor,16 GB,Windows 10 Operating System,DDR4 RAM,ASUS,1 TB,SSD
224990,Intel Core i7 Processor,32 GB,Windows 10 Operating System,DDR4 RAM,ASUS,1 TB,SSD
35590,AMD Ryzen 3 Dual Core Processor,8 GB,Windows 11 Operating System,DDR4 RAM,Lenovo,512 GB,SSD
150990,AMD Ryzen 9 Octa Core Processor,16 GB,Windows 11 Operating System,DDR4 RAM,ASUS,1 TB,SSD
44990,Intel Core i5 Processor,8 GB,Windows 10 Operating System,DDR4 RAM,ASUS,1 TB,HDD
65990,Intel Core i5 Processor,8 GB,Windows 10 Operating System,DDR4 RAM,ASUS,512 GB,SSD
73490,AMD Ryzen 7 Octa Core Processor,8 GB,Windows 11 Operating System,DDR4 RAM,Lenovo,512 GB,SSD
194990,AMD Ryzen 9 Octa Core Processor,16 GB,Windows 11 Operating System,DDR5 RAM,ASUS,1 TB,SSD
31990,Intel Core i3 Processor,8 GB,Windows 10 Operating System,DDR4 RAM,ASUS,1 TB,HDD
38980,Intel Core i3 Processor,8 GB,Windows 10 Operating System,DDR4 RAM,Lenovo,256 GB,SSD
68990,AMD Ryzen 5 Hexa Core Processor,8 GB,Windows 10 Operating System,DDR4 RAM,HP,512 GB,SSD
43090,Intel Core i3 Processor,8 GB,Windows 10 Operating System,DDR4 RAM,DELL,256 GB,SSD
39990,Intel Core i3 Processor,8 GB,Windows 11 Operating System,DDR4 RAM,Lenovo,512 GB,SSD
39990,Intel Core i5 Processor,8 GB,Windows 11 Operating System,DDR4 RAM,RedmiBook,512 GB,SSD
154990,AMD Ryzen 9 Octa Core Processor,16 GB,Windows 10 Operating System,DDR4 RAM,ASUS,1 TB,SSD
65990,Intel Core i5 Processor,8 GB,Windows 10 Operating System,DDR4 RAM,ASUS,512 GB,SSD
196990,AMD Ryzen 9 Octa Core Processor,16 GB,Windows 11 Operating System,DDR5 RAM,ASUS,1 TB,SSD
38705,AMD Ryzen 5 Quad Core Processor,8 GB,Windows 11 Operating System,DDR4 RAM,Lenovo,512 GB,SSD
49348,Intel Core i3 Processor,8 GB,Windows 11 Operating System,DDR4 RAM,DELL,512 GB,SSD
221774,Intel Core i7 Processor,16 GB,Windows 11 Operating System,DDR5 RAM,DELL,512 GB,SSD
73990,AMD Ryzen 5 Hexa Core Processor,8 GB,Windows 10 Operating System,DDR4 RAM,Lenovo,512 GB,SSD
77990,AMD Ryzen 7 Octa Core Processor,16 GB,Windows 11 Operating System,DDR4 RAM,DELL,512 GB,SSD
85990,AMD Ryzen 7 Octa Core Processor,16 GB,Windows 11 Operating System,DDR4 RAM,ASUS,1 TB,SSD
35590,AMD Ryzen 3 Dual Core Processor,8 GB,Windows 11 Operating System,DDR4 RAM,Lenovo,512 GB,SSD
214790,,16 GB,Windows 10 Operating System,DDR4 RAM,ALIENWARE,1 TB,SSD
199990,,16 GB,Windows 10 Operating System,DDR4 RAM,ALIENWARE,512 GB,SSD
150990,AMD Ryzen 9 Octa Core Processor,16 GB,Windows 11 Operating System,DDR4 RAM,ASUS,1 TB,SSD
36990,Intel Core i3 Processor,8 GB,Windows 11 Operating System,DDR4 RAM,Lenovo,256 GB,SSD
48077,Intel Core i3 Processor,8 GB,Windows 11 Operating System,DDR4 RAM,DELL,512 GB,SSD
52414,AMD Ryzen 5 Hexa Core Processor,8 GB,Windows 11 Operating System,DDR4 RAM,DELL,512 GB,SSD
179990,Intel Core i7 Processor,16 GB,Windows 11 Operating System,DDR5 RAM,ASUS,1 TB,SSD
36990,Intel Core i3 Processor,8 GB,Windows 11 Operating System,DDR4 RAM,Lenovo,256 GB,SSD
39990,Intel Core i3 Processor,8 GB,Windows 11 Operating System,DDR4 RAM,Lenovo,512 GB,SSD
80615,Intel Core i5 Processor,16 GB,Windows 11 Operating System,DDR4 RAM,DELL,512 GB,SSD
155990,AMD Ryzen 7 Octa Core Processor,16 GB,Windows 11 Operating System,DDR5 RAM,ASUS,1 TB,SSD
39990,Intel Core i5 Processor,8 GB,Windows 11 Operating System,DDR4 RAM,RedmiBook,512 GB,SSD
196990,AMD Ryzen 9 Octa Core Processor,16 GB,Windows 11 Operating System,DDR5 RAM,ASUS,1 TB,SSD
49990,Intel Core i7 Processor,16 GB,Windows 11 Operating System,LPDDR4X RAM,Infinix,512 GB,SSD
157990,Intel Core i7 Processor,16 GB,Windows 11 Operating System,DDR4 RAM,Lenovo,1 TB,SSD
92990,Intel Core i5 Processor,16 GB,Windows 11 Operating System,DDR5 RAM,ASUS,512 GB,SSD
171990,AMD Ryzen 7 Octa Core Processor,16 GB,Windows 11 Operating System,DDR5 RAM,ASUS,1 TB,SSD
38705,AMD Ryzen 5 Quad Core Processor,8 GB,Windows 11 Operating System,DDR4 RAM,Lenovo,512 GB,SSD
85990,AMD Ryzen 7 Octa Core Processor,16 GB,Windows 11 Operating System,DDR4 RAM,ASUS,1 TB,SSD
44990,Intel Core i5 Processor,8 GB,Windows 10 Operating System,DDR4 RAM,ASUS,1 TB,HDD
151990,AMD Ryzen 9 Octa Core Processor,16 GB,Windows 11 Operating System,LPDDR5 RAM,ASUS,1 TB,SSD
35590,AMD Ryzen 3 Dual Core Processor,8 GB,Windows 11 Operating System,DDR4 RAM,Lenovo,512 GB,SSD
150990,AMD Ryzen 9 Octa Core Processor,16 GB,Windows 11 Operating System,DDR4 RAM,ASUS,1 TB,SSD
233990,Intel Core i7 Processor,16 GB,Windows 10 Operating System,LPDDR3 RAM,ASUS,2 TB,SSD
76590,Intel Core i5 Processor,16 GB,Windows 11 Operating System,DDR5 RAM,DELL,512 GB,SSD
90000,AMD Ryzen 7 Octa Core Processor,16 GB,Windows 10 Operating System,DDR4 RAM,HP,512 GB,SSD
73490,AMD Ryzen 7 Octa Core Processor,8 GB,Windows 11 Operating System,DDR4 RAM,Lenovo,512 GB,SSD
194990,AMD Ryzen 9 Octa Core Processor,16 GB,Windows 11 Operating System,DDR5 RAM,ASUS,1 TB,SSD
125990,Intel Core i7 Processor,16 GB,Windows 11 Operating System,LPDDR5 RAM,ASUS,512 GB,SSD
50990,Intel Core i5 Processor,8 GB,Windows 10 Operating System,DDR4 RAM,Lenovo,"1 TB,256 GB","HDD,SSD"
